{"cameraMode":{"drawMode":0,"name":"Shaded","section":"Shading Mode"},"sceneLighting":true,"audioPlay":false,"sceneViewState":{"showFog":true,"showMaterialUpdate":false,"showSkybox":true,"showFlares":true,"showImageEffects":true,"showParticleSystems":true},"in2DMode":false,"pivot":{"x":-0.1948716640472412,"y":0.9695141911506653,"z":-0.06271481513977051},"rotation":{"x":-0.000311488751322031,"y":-0.9987578392028809,"z":0.049478888511657718,"w":-0.00629751943051815},"size":3.5071582794189455,"orthographic":false}